Fiscal Year,Year Start,State,APMC,District,Commodity Group,Commodity,UOM,Sr. No.,Arrived Lots,Arrived Quantity,Traded Lots,Traded Quantity,Trade Value (Rs),Collection Fee (Rs),Source File,Source Page
2022-23,2022,TAMIL NADU,GINGEE,VILLUPURAM,CEREALS,BAJRA FOX TAIL MILLET,Qui,1,29,35.0,25,25.48,89518.72,,MARCH 2023.pdf,1
2022-23,2022,TAMIL NADU,GINGEE,VILLUPURAM,CEREALS,BAJRA MILLET,Qui,2,7,7.0,7,4.89,22620.97,,MARCH 2023.pdf,1
2022-23,2022,TAMIL NADU,GINGEE,VILLUPURAM,CEREALS,CUMBU-HYBRID,Qui,3,54,62.0,53,63.58,328372.35,,MARCH 2023.pdf,1
2022-23,2022,TAMIL NADU,GINGEE,VILLUPURAM,CEREALS,MAIZE,Qui,4,2,3.0,1,1.48,3330.0,,MARCH 2023.pdf,1
2022-23,2022,TAMIL NADU,GINGEE,VILLUPURAM,CEREALS,MAIZE-NEW,Qui,5,1,0.01,0,0.0,0.0,,MARCH 2023.pdf,1
2022-23,2022,TAMIL NADU,GINGEE,VILLUPURAM,CEREALS,PADDY,Qui,6,1,0.75,0,0.0,0.0,,MARCH 2023.pdf,1
2022-23,2022,TAMIL NADU,GINGEE,VILLUPURAM,CEREALS,PADDY -BPT(TN),Qui,7,1,22.5,1,21.86,49228.72,,MARCH 2023.pdf,1
2022-23,2022,TAMIL NADU,GINGEE,VILLUPURAM,CEREALS,PADDY ADT-51(TN),Qui,8,2,3.0,2,2.34,4611.08,,MARCH 2023.pdf,1
2022-23,2022,TAMIL NADU,GINGEE,VILLUPURAM,CEREALS,PADDY LOCAL,Qui,9,101,1632.0,94,14.82,2586411.35,,MARCH 2023.pdf,1
2022-23,2022,TAMIL NADU,GINGEE,VILLUPURAM,CEREALS,PADDY PONNI WHITE(TN),Qui,10,11,193.5,11,189.79,441271.86,,MARCH 2023.pdf,1
2022-23,2022,TAMIL NADU,GINGEE,VILLUPURAM,CEREALS,RAGI,Qui,11,13,25.5,12,21.1,59505.47,,MARCH 2023.pdf,1
2022-23,2022,TAMIL NADU,GINGEE,VILLUPURAM,CEREALS,RAGI-LOCAL,Qui,12,91,129.0,90,175.41,512478.68,,MARCH 2023.pdf,1
2022-23,2022,TAMIL NADU,GINGEE,VILLUPURAM,FIBER CROPS,COTTON,Qui,13,3,3.0,3,2.77,21073.32,,MARCH 2023.pdf,1
2022-23,2022,TAMIL NADU,GINGEE,VILLUPURAM,OIL SEEDS,COPRA,Qui,14,1,0.8,0,0.0,0.0,,MARCH 2023.pdf,1
2022-23,2022,TAMIL NADU,GINGEE,VILLUPURAM,OIL SEEDS,COPRA_80 KG(TN),Qui,15,13,11.2,13,6.87,47682.69,,MARCH 2023.pdf,1
2022-23,2022,TAMIL NADU,GINGEE,VILLUPURAM,OIL SEEDS,GINGELLY_80 KG(TN),Qui,16,172,137.6,171,110.51,1657825.25,,MARCH 2023.pdf,1
2022-23,2022,TAMIL NADU,GINGEE,VILLUPURAM,OIL SEEDS,GROUND NUT,Qui,17,178,216.68,109,124.3,1110137.33,,MARCH 2023.pdf,1
2022-23,2022,TAMIL NADU,GINGEE,VILLUPURAM,OIL SEEDS,GROUNDNUT KERNEL_80 KG(TN),Qui,18,744,729.6,741,1746.45,17325170.66,,MARCH 2023.pdf,1
2022-23,2022,TAMIL NADU,GINGEE,VILLUPURAM,OIL SEEDS,GROUNDNUT TJ,Qui,19,1,0.8,0,0.0,0.0,,MARCH 2023.pdf,1
2022-23,2022,TAMIL NADU,GINGEE,VILLUPURAM,OIL SEEDS,GINGILY (SESAME SEED)- BLACK,Qui,20,5,3.21,4,1.07,10853.44,,MARCH 2023.pdf,1
2022-23,2022,TAMIL NADU,GINGEE,VILLUPURAM,OIL SEEDS,GINGILY (SESAME SEED)- WHITE,Qui,21,1,1.6,1,1.27,13208.0,,MARCH 2023.pdf,2
2022-23,2022,TAMIL NADU,GINGEE,VILLUPURAM,PADDY,PADDY(75 KG),Qui,22,35145,571722.0,34779,580552.58,1139975369.83,,MARCH 2023.pdf,2
2022-23,2022,TAMIL NADU,GINGEE,VILLUPURAM,PULSES,HORSEGRAM,Qui,23,7,7.0,7,5.82,30815.86,,MARCH 2023.pdf,2
2022-23,2022,TAMIL NADU,GINGEE,VILLUPURAM,PULSES,MOTH,Qui,24,8777,14867.0,8889,24139.8,203465392.59,,MARCH 2023.pdf,2
2022-23,2022,TAMIL NADU,GINGEE,VILLUPURAM,PULSES,GREEN GRAM,Qui,25,254,260.0,252,118.57,858444.27,,MARCH 2023.pdf,2
2022-23,2022,TAMIL NADU,GINGEE,VILLUPURAM,PULSES,URAD (BLACK GRAM),Qui,26,1827,2260.0,1811,2264.63,16597992.01,,MARCH 2023.pdf,2
2022-23,2022,TAMIL NADU,GINGEE,VILLUPURAM,SPICES,CHILLIES,Qui,27,1,1.0,1,3.7,11470.0,,MARCH 2023.pdf,2
2022-23,2022,TAMIL NADU,GINGEE,VILLUPURAM,SPICES,RED DRY CHILLY_10 KG(TN),Qui,28,2,0.75,2,0.5,14353.7,,MARCH 2023.pdf,2
2022-23,2022,TAMIL NADU,GINGEE,VILLUPURAM,VEGETABLES,COWPEA WHITE,Qui,29,161,167.02,159,58.12,289053.17,,MARCH 2023.pdf,2
2023-24,2023,TAMIL NADU,GINGEE,VILLUPURAM,CEREALS,BAJRA,Qui,1,398,1415.0,396,1194.37,5125803.4,,MARCH 2024.pdf,1
2023-24,2023,TAMIL NADU,GINGEE,VILLUPURAM,CEREALS,BAJRA-LOCAL,Qui,2,22,22.0,22,142.97,355613.87,,MARCH 2024.pdf,1
2023-24,2023,TAMIL NADU,GINGEE,VILLUPURAM,CEREALS,BAJRA FOX TAIL MILLET,Qui,3,94,152.0,92,83.4,473583.58,,MARCH 2024.pdf,1
2023-24,2023,TAMIL NADU,GINGEE,VILLUPURAM,CEREALS,BAJRA MILLET,Qui,4,289,360.0,4,2.04,10045.54,,MARCH 2024.pdf,1
2023-24,2023,TAMIL NADU,GINGEE,VILLUPURAM,CEREALS,CUMBU-HYBRID,Qui,5,109,458.0,109,320.37,1416501.08,,MARCH 2024.pdf,1
2023-24,2023,TAMIL NADU,GINGEE,VILLUPURAM,CEREALS,MAIZE,Qui,6,6,21.0,5,19.45,42035.4,,MARCH 2024.pdf,1
2023-24,2023,TAMIL NADU,GINGEE,VILLUPURAM,CEREALS,MAIZE-NEW,Qui,7,8,74.0,8,63.64,135830.1,,MARCH 2024.pdf,1
2023-24,2023,TAMIL NADU,GINGEE,VILLUPURAM,CEREALS,KODO MILLET,Qui,8,22,23.0,3,2.02,7439.88,,MARCH 2024.pdf,1
2023-24,2023,TAMIL NADU,GINGEE,VILLUPURAM,CEREALS,RAGI-LOCAL,Qui,9,350,826.0,338,829.92,2589198.19,,MARCH 2024.pdf,1
2023-24,2023,TAMIL NADU,GINGEE,VILLUPURAM,FIBER CROPS,COTTON,Qui,10,270,898.0,269,472.54,2986361.87,,MARCH 2024.pdf,1
2023-24,2023,TAMIL NADU,GINGEE,VILLUPURAM,FOREST PRODUCTS,TAMARIND,Qui,11,1,1.0,1,0.44,2640.0,,MARCH 2024.pdf,1
2023-24,2023,TAMIL NADU,GINGEE,VILLUPURAM,OIL SEEDS,COPRA_80 KG(TN),Qui,12,467,450.4,467,196.2,1115194.37,,MARCH 2024.pdf,1
2023-24,2023,TAMIL NADU,GINGEE,VILLUPURAM,OIL SEEDS,GINGELLY_80 KG(TN),Qui,13,1512,1828.8,1502,1204.76,14951540.19,,MARCH 2024.pdf,1
2023-24,2023,TAMIL NADU,GINGEE,VILLUPURAM,OIL SEEDS,GROUNDNUT KERNEL_80 KG(TN),Qui,14,5064,8749.6,5044,9511.38,95214032.85,,MARCH 2024.pdf,1
2023-24,2023,TAMIL NADU,GINGEE,VILLUPURAM,OIL SEEDS,GROUNDNUT TJ,Qui,15,1,0.8,0,0.0,0.0,,MARCH 2024.pdf,1
2023-24,2023,TAMIL NADU,GINGEE,VILLUPURAM,OIL SEEDS,MUSTARD,Qui,16,2,2.41,2,1.15,7918.83,,MARCH 2024.pdf,1
2023-24,2023,TAMIL NADU,GINGEE,VILLUPURAM,OIL SEEDS,SOYABEANS,Qui,17,2,1.01,1,11.09,38138.51,,MARCH 2024.pdf,1
2023-24,2023,TAMIL NADU,GINGEE,VILLUPURAM,PADDY,PADDY(75 KG),Qui,18,36055,571636.5,35790,640295.66,1569013417.3,,MARCH 2024.pdf,1
2023-24,2023,TAMIL NADU,GINGEE,VILLUPURAM,PULSES,RED GRAM-LOCAL,Qui,19,4,5.0,4,2.63,10988.73,,MARCH 2024.pdf,1
2023-24,2023,TAMIL NADU,GINGEE,VILLUPURAM,PULSES,HORSEGRAM,Qui,20,14,36.0,13,12.74,69088.78,,MARCH 2024.pdf,1
2023-24,2023,TAMIL NADU,GINGEE,VILLUPURAM,PULSES,MOTH,Qui,21,9589,34866.0,9504,28427.04,174655007.15,,MARCH 2024.pdf,2
2023-24,2023,TAMIL NADU,GINGEE,VILLUPURAM,PULSES,GREEN GRAM,Qui,22,434,486.0,433,150.19,1164902.88,,MARCH 2024.pdf,2
2023-24,2023,TAMIL NADU,GINGEE,VILLUPURAM,PULSES,URAD (BLACK GRAM),Qui,23,3889,7372.8,3874,4789.69,42690274.38,,MARCH 2024.pdf,2
2023-24,2023,TAMIL NADU,GINGEE,VILLUPURAM,SPICES,CHILLIES,Qui,24,1,0.1,1,1.0,1462.0,,MARCH 2024.pdf,2
2023-24,2023,TAMIL NADU,GINGEE,VILLUPURAM,SPICES,RED DRY CHILLY_10 KG(TN),Qui,25,194,67.7,184,62.76,1042898.1,,MARCH 2024.pdf,2
2023-24,2023,TAMIL NADU,GINGEE,VILLUPURAM,VEGETABLES,COWPEA WHITE,Qui,26,304,317.0,295,73.59,349946.3,,MARCH 2024.pdf,2
2024-25,2024,TAMIL NADU,GINGEE,VILLUPURAM,CEREALS,BAJRA,Qui,1,41,230.0,39,174.77,762781.15,,MARCH 2025.pdf,1
2024-25,2024,TAMIL NADU,GINGEE,VILLUPURAM,CEREALS,BAJRA FOX TAIL MILLET,Qui,2,100,138.01,90,86.86,295211.66,,MARCH 2025.pdf,1
2024-25,2024,TAMIL NADU,GINGEE,VILLUPURAM,CEREALS,BAJRA MILLET,Qui,3,53,87.0,14,29.47,90830.26,,MARCH 2025.pdf,1
2024-25,2024,TAMIL NADU,GINGEE,VILLUPURAM,CEREALS,CUMBU-HYBRID,Qui,4,589,2203.05,564,1651.63,4780404.71,,MARCH 2025.pdf,1
2024-25,2024,TAMIL NADU,GINGEE,VILLUPURAM,CEREALS,MAIZE-NEW,Qui,5,11,81.0,11,78.64,173441.1,,MARCH 2025.pdf,1
2024-25,2024,TAMIL NADU,GINGEE,VILLUPURAM,CEREALS,KODO MILLET,Qui,6,19,26.0,2,3.6,9818.71,,MARCH 2025.pdf,1
2024-25,2024,TAMIL NADU,GINGEE,VILLUPURAM,CEREALS,RAGI-LOCAL,Qui,7,305,1071.0,296,656.17,2261690.19,,MARCH 2025.pdf,1
2024-25,2024,TAMIL NADU,GINGEE,VILLUPURAM,FIBER CROPS,COTTON,Qui,8,127,245.0,122,91.11,627233.7,,MARCH 2025.pdf,1
2024-25,2024,TAMIL NADU,GINGEE,VILLUPURAM,FOREST PRODUCTS,TAMARIND,Qui,9,65,223.02,61,118.45,283637.83,,MARCH 2025.pdf,1
2024-25,2024,TAMIL NADU,GINGEE,VILLUPURAM,OIL SEEDS,COPRA_80 KG(TN),Qui,10,320,293.6,311,119.6,820050.31,,MARCH 2025.pdf,1
2024-25,2024,TAMIL NADU,GINGEE,VILLUPURAM,OIL SEEDS,GINGELLY_80 KG(TN),Qui,11,924,1133.61,917,644.45,6999755.09,,MARCH 2025.pdf,1
2024-25,2024,TAMIL NADU,GINGEE,VILLUPURAM,OIL SEEDS,GROUNDNUT KERNEL_80 KG(TN),Qui,12,3275,6188.0,3173,5994.19,53109426.0,,MARCH 2025.pdf,1
2024-25,2024,TAMIL NADU,GINGEE,VILLUPURAM,OIL SEEDS,MUSTARD,Qui,13,4,4.61,4,2.2,13421.78,,MARCH 2025.pdf,1
2024-25,2024,TAMIL NADU,GINGEE,VILLUPURAM,OIL SEEDS,NEEM SEED,Qui,14,1,0.8,1,0.56,1579.2,,MARCH 2025.pdf,1
2024-25,2024,TAMIL NADU,GINGEE,VILLUPURAM,PADDY,PADDY(75 KG),Qui,15,39464,620048.5,39126,646997.49,1527817791.68,,MARCH 2025.pdf,1
2024-25,2024,TAMIL NADU,GINGEE,VILLUPURAM,PULSES,RED GRAM-LOCAL,Qui,16,4,5.0,4,1.73,9583.36,,MARCH 2025.pdf,1
2024-25,2024,TAMIL NADU,GINGEE,VILLUPURAM,PULSES,HORSEGRAM,Qui,17,11,12.0,11,6.56,31683.99,,MARCH 2025.pdf,1
2024-25,2024,TAMIL NADU,GINGEE,VILLUPURAM,PULSES,MOTH,Qui,18,4413,14432.0,4399,10330.04,82533544.36,,MARCH 2025.pdf,1
2024-25,2024,TAMIL NADU,GINGEE,VILLUPURAM,PULSES,GREEN GRAM,Qui,19,260,273.03,257,93.69,679642.88,,MARCH 2025.pdf,1
2024-25,2024,TAMIL NADU,GINGEE,VILLUPURAM,PULSES,URAD (BLACK GRAM),Qui,20,3458,8951.0,3406,5392.14,42005126.5,,MARCH 2025.pdf,1
2024-25,2024,TAMIL NADU,GINGEE,VILLUPURAM,SPICES,RED DRY CHILLY_10 KG(TN),Qui,21,117,25.44,107,30.79,370382.2,,MARCH 2025.pdf,2
2024-25,2024,TAMIL NADU,GINGEE,VILLUPURAM,VEGETABLES,COWPEA WHITE,Qui,22,223,227.0,220,58.42,293396.3,,MARCH 2025.pdf,2
2025-26,2025,TAMIL NADU,GINGEE,VILLUPURAM,CEREALS,BAJRA FOX TAIL MILLET,Qui,1,76,143.11,72,81.71,251831.48,,MARCH 2026.pdf,1
2025-26,2025,TAMIL NADU,GINGEE,VILLUPURAM,CEREALS,BAJRA MILLET,Qui,2,25,25.0,5,2.58,11986.66,,MARCH 2026.pdf,1
2025-26,2025,TAMIL NADU,GINGEE,VILLUPURAM,CEREALS,CUMBU-HYBRID,Qui,3,350,1416.0,347,910.81,2530442.36,,MARCH 2026.pdf,1
2025-26,2025,TAMIL NADU,GINGEE,VILLUPURAM,CEREALS,MAIZE,Qui,4,3,51.0,3,49.53,71783.54,,MARCH 2026.pdf,1
2025-26,2025,TAMIL NADU,GINGEE,VILLUPURAM,CEREALS,MAIZE-NEW,Qui,5,25,357.0,25,338.5,722300.25,,MARCH 2026.pdf,1
2025-26,2025,TAMIL NADU,GINGEE,VILLUPURAM,CEREALS,PADDY -BPT(TN),Qui,6,24,272.25,23,283.68,695994.99,,MARCH 2026.pdf,1
2025-26,2025,TAMIL NADU,GINGEE,VILLUPURAM,CEREALS,PADDY OTHERS,Qui,7,1,0.75,0,0.0,0.0,,MARCH 2026.pdf,1
2025-26,2025,TAMIL NADU,GINGEE,VILLUPURAM,CEREALS,PADDY PONNI(TN),Qui,8,350,5065.5,326,4790.99,17304625.37,,MARCH 2026.pdf,1
2025-26,2025,TAMIL NADU,GINGEE,VILLUPURAM,CEREALS,PADDY RNR (TN),Qui,9,488,7721.25,479,7665.3,17307444.52,,MARCH 2026.pdf,1
2025-26,2025,TAMIL NADU,GINGEE,VILLUPURAM,CEREALS,PADDY TKM 09,Qui,10,114,1608.75,114,1757.32,3304013.16,,MARCH 2026.pdf,1
2025-26,2025,TAMIL NADU,GINGEE,VILLUPURAM,CEREALS,PADDY-PR,Qui,11,537,8465.25,534,8951.8,18448163.68,,MARCH 2026.pdf,1
2025-26,2025,TAMIL NADU,GINGEE,VILLUPURAM,CEREALS,RAGI-LOCAL,Qui,12,338,1223.0,333,758.18,2741266.01,,MARCH 2026.pdf,1
2025-26,2025,TAMIL NADU,GINGEE,VILLUPURAM,FIBER CROPS,COTTON,Qui,13,70,154.0,69,48.45,338162.41,,MARCH 2026.pdf,1
2025-26,2025,TAMIL NADU,GINGEE,VILLUPURAM,FOREST PRODUCTS,TAMARIND,Qui,14,4,4.0,3,1.62,3236.38,,MARCH 2026.pdf,1
2025-26,2025,TAMIL NADU,GINGEE,VILLUPURAM,GROUND NUT PODS (RAW),GROUNDNUT PODS_40 KG(TN),Qui,15,4,5.2,4,6.6,40821.58,,MARCH 2026.pdf,1
2025-26,2025,TAMIL NADU,GINGEE,VILLUPURAM,OIL SEEDS,CASTOR SEED_80KG(TN),Qui,16,1,0.8,1,0.31,1291.54,,MARCH 2026.pdf,1
2025-26,2025,TAMIL NADU,GINGEE,VILLUPURAM,OIL SEEDS,COPRA,Qui,17,3,3.2,3,1.45,14860.55,,MARCH 2026.pdf,1
2025-26,2025,TAMIL NADU,GINGEE,VILLUPURAM,OIL SEEDS,COPRA_80 KG(TN),Qui,18,287,265.6,272,83.0,1113940.6,,MARCH 2026.pdf,1
2025-26,2025,TAMIL NADU,GINGEE,VILLUPURAM,OIL SEEDS,GINGELLY_80 KG(TN),Qui,19,752,1008.8,709,572.85,5147521.15,,MARCH 2026.pdf,1
2025-26,2025,TAMIL NADU,GINGEE,VILLUPURAM,OIL SEEDS,GROUNDNUT KERNEL_80 KG(TN),Qui,20,2073,3975.4,1968,3463.72,32435139.03,,MARCH 2026.pdf,2
2025-26,2025,TAMIL NADU,GINGEE,VILLUPURAM,OIL SEEDS,MUSTARD,Qui,21,3,4.0,3,1.51,9094.07,,MARCH 2026.pdf,2
2025-26,2025,TAMIL NADU,GINGEE,VILLUPURAM,PADDY,PADDY CO 51(TN),Qui,22,203,2815.5,200,2942.58,5557772.41,,MARCH 2026.pdf,2
2025-26,2025,TAMIL NADU,GINGEE,VILLUPURAM,PADDY,PADDY(75 KG),Qui,23,43033,741597.85,42141,763747.31,1698305625.4,,MARCH 2026.pdf,2
2025-26,2025,TAMIL NADU,GINGEE,VILLUPURAM,PULSES,RED GRAM-LOCAL,Qui,24,4,4.0,4,1.78,8837.63,,MARCH 2026.pdf,2
2025-26,2025,TAMIL NADU,GINGEE,VILLUPURAM,PULSES,FIELDGRAM,Qui,25,20,25.8,20,10.02,42139.51,,MARCH 2026.pdf,2
2025-26,2025,TAMIL NADU,GINGEE,VILLUPURAM,PULSES,HORSEGRAM,Qui,26,9,21.0,9,24.85,95117.59,,MARCH 2026.pdf,2
2025-26,2025,TAMIL NADU,GINGEE,VILLUPURAM,PULSES,MOTH,Qui,27,4938,16109.0,4791,10487.09,116735081.46,,MARCH 2026.pdf,2
2025-26,2025,TAMIL NADU,GINGEE,VILLUPURAM,PULSES,GREEN GRAM,Qui,28,159,184.0,148,57.77,353527.99,,MARCH 2026.pdf,2
2025-26,2025,TAMIL NADU,GINGEE,VILLUPURAM,PULSES,URAD (BLACK GRAM),Qui,29,2772,6841.01,2690,4088.95,30805513.49,,MARCH 2026.pdf,2
2025-26,2025,TAMIL NADU,GINGEE,VILLUPURAM,SPICES,RED DRY CHILLY_10 KG(TN),Qui,30,44,6.21,34,7.04,59755.4,,MARCH 2026.pdf,2
2025-26,2025,TAMIL NADU,GINGEE,VILLUPURAM,VEGETABLES,COWPEA WHITE,Qui,31,116,124.0,108,28.61,107117.86,,MARCH 2026.pdf,2
